1;SqLite 3.24.0;OnLine on JavaScript
2;MultiVersion;3.15.0 to Last (load on settings)
3;Size table;Fast scroll million rows
4;SQL Editor;"autocomplete: [Ctrl-Space] or [Alt-Space]; run: [Shift-Enter]"
5;Left-Panel, Table;[RightClick] mouse "PopMenu" or [DbClick]
6;Link;Create public link DB
7;ai.Url;https://sqliteonline.com/old/
8;ai.Color;#9393ad
9;ai.Image;Blob - png, jpg, gif or String(base64) [DbClick] row
10;SQL;Syntax example library
11;CREATE;CREATE TABLE table_name (col1, col2)
12;SELECT;SELECT * FROM table_name
13;INSERT;INSERT INTO table_name (col1, col2) VALUES ("example","test")
14;UPDATE;UPDATE table_name SET col1="work" WHERE col2="test"
15;DELETE;DELETE FROM table_name
